Workbook

Sheet Avaliação
J3: =Auxiliar!$B24 | K3: =Auxiliar!$B25 | L3: =Auxiliar!$B26 | M3: =Auxiliar!$B27 | N3: =Auxiliar!$B28 | O3: =Auxiliar!$B29 | P3: =Auxiliar!$B30 | Q3: =Auxiliar!$B31 | R3: =Auxiliar!$B32 | S3: =Auxiliar!$B33 | T3: =Auxiliar!$B34 | U3: =Auxiliar!$B35 | V3: =Auxiliar!$B36 | W3: =Auxiliar!$B37 | X3: =Auxiliar!$B38 | Y3: =Auxiliar!$B39 | Z3: =Auxiliar!$B40 | AA3: =Auxiliar!$B41 | AB3: =Auxiliar!$B42 | AC3: =Auxiliar!$B43 | AD3: =Auxiliar!$B44
C14: A – Desenvolvimento do Projeto
C15: Definição dos objetivos do projeto | J15: 12 | K15: 12 | L15: 17 | M15: 12 | N15: 12 | O15: 12 | R15: 14
C16: Qualidade científica e técnica | J16: 15 | K16: 10 | L16: 13 | M16: 10 | N16: 15 | O16: 13 | R16: 15
C17: Pertinência, criatividade e inovação | J17: 13 | K17: 11 | L17: 12 | M17: 12 | N17: 14 | O17: 13 | P17: 14 | T17: 10
C18: Planeamento dos recursos necessários | J18: 14 | K18: 11 | L18: 12 | M18: 12 | N18: 13 | O18: 12 | W18: 12
C19: Definição das fases de execução do projeto | J19: 12 | K19: 17 | L19: 20 | M19: 13 | N19: 8 | O19: 12 | Q19: 16 | R19: 12 | T19: 17 | V19: 12 | X19: 12 | AB19: 13
C20: Autonomia | J20: 11 | K20: 12 | L20: 12 | M20: 20 | N20: 11 | O20: 12
C21: Sentido de responsabilidade e gestão do tempo | J21: 16 | K21: 12 | L21: 14 | M21: 8 | N21: 18 | O21: 12
C22: Total: | J22: =IF(COUNT(J15:J21)>0,ROUND(AVERAGE(J15:J21),1),"") | K22: =IF(COUNT(K15:K21)>0,ROUND(AVERAGE(K15:K21),1),"") | L22: =IF(COUNT(L15:L21)>0,ROUND(AVERAGE(L15:L21),1),"") | M22: =IF(COUNT(M15:M21)>0,ROUND(AVERAGE(M15:M21),1),"") | N22: =IF(COUNT(N15:N21)>0,ROUND(AVERAGE(N15:N21),1),"") | O22: =IF(COUNT(O15:O21)>0,ROUND(AVERAGE(O15:O21),1),"") | P22: =IF(COUNT(P15:P21)>0,ROUND(AVERAGE(P15:P21),1),"") | Q22: =IF(COUNT(Q15:Q21)>0,ROUND(AVERAGE(Q15:Q21),1),"") | ... AD22: =IF(COUNT(AD15:AD21)>0,ROUND(AVERAGE(AD15:AD21),1),"")
C23: B – Relatório final
C24: Objetividade | J24: 12 | N24: 15 | O24: 18 | P24: 18 | R24: 18 | S24: 18 | U24: 18 | V24: 15 | Y24: 18 | Z24: 17 | AA24: 16 | AC24: 18 | AD24: 18
C25: Pertinência das informações | K25: 14 | N25: 19 | O25: 16 | P25: 16 | R25: 16 | S25: 16 | U25: 16 | V25: 12 | Y25: 19 | Z25: 20 | AA25: 18 | AC25: 16 | AD25: 16
C26: Identificação das dificuldades e meios de as superar | N26: 14 | O26: 17 | P26: 17 | R26: 17 | S26: 19 | U26: 10 | V26: 14 | Y26: 16 | Z26: 15 | AA26: 12 | AC26: 17 | AD26: 17
C27: Capacidade de análise crítica | M27: 10 | N27: 13 | O27: 15 | P27: 19 | R27: 19 | S27: 17 | U27: 17 | V27: 13 | Y27: 15 | Z27: 16 | AA27: 17 | AC27: 19 | AD27: 19
C28: Sentido de responsabilidade e gestão do tempo | L28: 12 | N28: 14 | O28: 14 | P28: 12 | R28: 13 | S28: 14 | U28: 19 | V28: 12 | Y28: 16
C29: Total: | J29: =IF(COUNT(J24:J28)>0,ROUND(AVERAGE(J24:J28),1),"") | K29: =IF(COUNT(K24:K28)>0,ROUND(AVERAGE(K24:K28),1),"") | L29: =IF(COUNT(L24:L28)>0,ROUND(AVERAGE(L24:L28),1),"") | M29: =IF(COUNT(M24:M28)>0,ROUND(AVERAGE(M24:M28),1),"") | N29: =IF(COUNT(N24:N28)>0,ROUND(AVERAGE(N24:N28),1),"") | O29: =IF(COUNT(O24:O28)>0,ROUND(AVERAGE(O24:O28),1),"") | P29: =IF(COUNT(P24:P28)>0,ROUND(AVERAGE(P24:P28),1),"") | Q29: =IF(COUNT(Q24:Q28)>0,ROUND(AVERAGE(Q24:Q28),1),"") | ... AD29: =IF(COUNT(AD24:AD28)>0,ROUND(AVERAGE(AD24:AD28),1),"")
C30: C – Apresentação e Defesa do Projeto
C31: Capacidade de expressão oral e de expressão corporal | L31: 20
C32: Capacidade de síntese | K32: 12
C33: Qualidade dos recursos/estratégias utilizadas na apresentação | J33: 11 | L33: 13 | M33: 12
C34: Qualidade de argumentação na defesa do projeto | J34: 12 | N34: 12 | R34: 15
J35: =IF(COUNT(J31:J34)>0,ROUND(AVERAGE(J31:J34),1),0) | K35: =IF(COUNT(K31:K34)>0,ROUND(AVERAGE(K31:K34),1),0) | L35: =IF(COUNT(L31:L34)>0,ROUND(AVERAGE(L31:L34),1),0) | M35: =IF(COUNT(M31:M34)>0,ROUND(AVERAGE(M31:M34),1),0) | N35: =IF(COUNT(N31:N34)>0,ROUND(AVERAGE(N31:N34),1),0) | O35: =IF(COUNT(O31:O34)>0,ROUND(AVERAGE(O31:O34),1),0) | P35: =IF(COUNT(P31:P34)>0,ROUND(AVERAGE(P31:P34),1),0) | Q35: =IF(COUNT(Q31:Q34)>0,ROUND(AVERAGE(Q31:Q34),1),0) | ... AD35: =IF(COUNT(AD31:AD34)>0,ROUND(AVERAGE(AD31:AD34),1),0)
J37: =ROUND(J22*50% +J29*20%+J35*30%,1) | K37: =ROUND(K22*50% +K29*20%+K35*30%,1) | L37: =ROUND(L22*50% +L29*20%+L35*30%,1) | M37: =ROUND(M22*50% +M29*20%+M35*30%,1) | N37: =ROUND(N22*50% +N29*20%+N35*30%,1) | O37: =ROUND(O22*50% +O29*20%+O35*30%,1) | P37: =ROUND(P22*50% +P29*20%+P35*30%,1) | Q37: =ROUND(Q22*50% +Q29*20%+Q35*30%,1) | ... AD37: =ROUND(AD22*50% +AD29*20%+AD35*30%,1)
I38: Nota Final | J38: =ROUND(J37,0) | K38: =ROUND(K37,0) | L38: =ROUND(L37,0) | M38: =ROUND(M37,0) | N38: =ROUND(N37,0) | O38: =ROUND(O37,0) | P38: =ROUND(P37,0) | Q38: =ROUND(Q37,0) | ... AD38: =ROUND(AD37,0)
I39: Autoavaliação

Sheet Adriano Salucombo
D2: Agrupamento de Escolas Raul Proença
A4: Ano letivo 2025/2026
A6: Ata de Avaliação da Prova de Aptidão Profissional
A8: Aluno: | D8: Adriano Ricardo David Salucombo
C9: Tema: | D9: EduKids - Plataforma Interativa de Aprendizagem para Educação Infantil
A10: Área de Formação: | D10: Ciências Informáticas (481)
A11: Curso Profissional: | D11: Técnico de Gestão e Programação de Sistemas Informáticos
A12: Saída Profissional: | D12: Técnico de Gestão e Programação de Sistemas Informáticos
A14: A – Desenvolvimento do Projeto
A15: Cotação máxima | C15: Itens avaliados | J15: Cotação atribuída
A16: 100 | C16: Definição dos objetivos do projeto | J16: ='Avaliação'!J22*5
C17: Qualidade científica e técnica
C18: Pertinência, criatividade e inovação
C19: Planeamento dos recursos necessários
C20: Definição das fases de execução do projeto
C21: Autonomia
C22: Sentido de responsabilidade e gestão do tempo
A24: B – Relatório final
A25: Cotação máxima | C25: Itens avaliados | J25: Cotação atribuída
A26: 40 | C26: Objetividade | J26: ='Avaliação'!J29*2
C27: Pertinência das informações
C28: Identificação das dificuldades e meios de as superar
C29: Capacidade de análise crítica
C30: Sentido de responsabilidade e gestão do tempo
A32: C – Apresentação e Defesa do Projecto
A33: Cotação máxima | C33: Itens avaliados | J33: Cotação atribuída
A34: 60 | C34: Capacidade de expressão oral e de expressão corporal | J34: ='Avaliação'!J35*3
C35: Capacidade de síntese
C36: Qualidade dos recursos/estratégias utilizadas na apresentação
C37: Qualidade de argumentação na defesa do projeto
A39: =SUM(A16,A26,A34) | C39: Avaliação Final | J39: =ROUND(SUM(J16,J26,J34),0)
A41: Observações:
C48: Caldas da Rainha, | G48: =NOW()
E50: O Júri da Prova
A52: Qualidade em que está nomeado | G52: Assinatura
A53: Presidente do Júri
A54: Professor Orientador do Projeto
A55: Representante das Associações Empresariais
A56: Personalidade de reconhecido mérito

Sheet Afonso Costa
D2: Agrupamento de Escolas Raul Proença
A4: Ano letivo 2025/2026
A6: Ata de Avaliação da Prova de Aptidão Profissional
A8: Aluno: | D8: Afonso Baptista dos Santos Costa
C9: Tema: | D9: GFF - Aplicação Móvel para Gestão Financeira Familiar
A10: Área de Formação: | D10: Ciências Informáticas (481)
A11: Curso Profissional: | D11: Técnico de Gestão e Programação de Sistemas Informáticos
A12: Saída Profissional: | D12: Técnico de Gestão e Programação de Sistemas Informáticos
A14: A – Desenvolvimento do Projeto
A15: Cotação máxima | C15: Itens avaliados | J15: Cotação atribuída
A16: 100 | C16: Definição dos objectivos do projeto | J16: ='Avaliação'!K22*5
C17: Qualidade científica e técnica
C18: Pertinência, criatividade e inovação
C19: Planeamento dos recursos necessários
C20: Definição das fases de execução do projeto
C21: Autonomia
C22: Sentido de responsabilidade e gestão do tempo
A24: B – Relatório final
A25: Cotação máxima | C25: Itens avaliados | J25: Cotação atribuída
A26: 40 | C26: Objetividade | J26: ='Avaliação'!K29*2
C27: Pertinência das informações
C28: Identificação das dificuldades e meios de as superar
C29: Capacidade de análise crítica
C30: Sentido de responsabilidade e gestão do tempo
A32: C – Apresentação e Defesa do Projecto
A33: Cotação máxima | C33: Itens avaliados | J33: Cotação atribuída
A34: 60 | C34: Capacidade de expressão oral e de expressão corporal | J34: ='Avaliação'!K35*3
C35: Capacidade de síntese
C36: Qualidade dos recursos/estratégias utilizadas na apresentação
C37: Qualidade de argumentação na defesa do projeto
A39: =SUM(A16,A26,A34) | C39: Avaliação Final | J39: =ROUND(SUM(J16,J26,J34),0)
A41: Observações:
C48: Caldas da Rainha, | G48: =NOW()
E50: O Júri da Prova
A52: Qualidade em que está nomeado | G52: Assinatura
A53: Presidente do Júri
A54: Professor Orientador do Projeto
A55: Representante das Associações Empresariais
A56: Personalidade de reconhecido mérito

Sheet Afonso Matos
D2: Agrupamento de Escolas Raul Proença
A4: Ano letivo 2025/2026
A6: Ata de Avaliação da Prova de Aptidão Profissional
A8: Aluno: | D8: Afonso Rodrigo Oliveira Matos
C9: Tema: | D9: Ragnarök Kombat - Jogo de Luta 3D
A10: Área de Formação: | D10: Ciências Informáticas (481)
A11: Curso Profissional: | D11: Técnico de Gestão e Programação de Sistemas Informáticos
A12: Saída Profissional: | D12: Técnico de Gestão e Programação de Sistemas Informáticos
A14: A – Desenvolvimento do Projeto
A15: Cotação máxima | C15: Itens avaliados | J15: Cotação atribuída
A16: 100 | C16: Definição dos objectivos do projeto | J16: ='Avaliação'!L22*5
C17: Qualidade científica e técnica
C18: Pertinência, criatividade e inovação
C19: Planeamento dos recursos necessários
C20: Definição das fases de execução do projeto
C21: Autonomia
C22: Sentido de responsabilidade e gestão do tempo
A24: B – Relatório final
A25: Cotação máxima | C25: Itens avaliados | J25: Cotação atribuída
A26: 40 | C26: Objetividade | J26: ='Avaliação'!L29*2
C27: Pertinência das informações
C28: Identificação das dificuldades e meios de as superar
C29: Capacidade de análise crítica
C30: Sentido de responsabilidade e gestão do tempo
A32: C – Apresentação e Defesa do Projecto
A33: Cotação máxima | C33: Itens avaliados | J33: Cotação atribuída
A34: 60 | C34: Capacidade de expressão oral e de expressão corporal | J34: ='Avaliação'!L35*3
C35: Capacidade de síntese
C36: Qualidade dos recursos/estratégias utilizadas na apresentação
C37: Qualidade de argumentação na defesa do projeto
A39: =SUM(A16,A26,A34) | C39: Avaliação Final | J39: =ROUND(SUM(J16,J26,J34),0)
A41: Observações:
C48: Caldas da Rainha, | G48: =NOW()
E50: O Júri da Prova
A52: Qualidade em que está nomeado | G52: Assinatura
A53: Presidente do Júri
A54: Professor Orientador do Projeto
A55: Representante das Associações Empresariais
A56: Personalidade de reconhecido mérito

Sheet Beatriz Henriques
D2: Agrupamento de Escolas Raul Proença
A4: Ano letivo 2025/2026
A6: Ata de Avaliação da Prova de Aptidão Profissional
A8: Aluno: | D8: Beatriz Isabel Costa Henriques
C9: Tema: | D9: DoIt - Aplicação Móvel Inteligente para Gestão de Tarefas e Projetos
A10: Área de Formação: | D10: Ciências Informáticas (481)
A11: Curso Profissional: | D11: Técnico de Gestão e Programação de Sistemas Informáticos
A12: Saída Profissional: | D12: Técnico de Gestão e Programação de Sistemas Informáticos
A14: A – Desenvolvimento do Projeto
A15: Cotação máxima | C15: Itens avaliados | J15: Cotação atribuída
A16: 100 | C16: Definição dos objectivos do projeto | J16: ='Avaliação'!M22*5
C17: Qualidade científica e técnica
C18: Pertinência, criatividade e inovação
C19: Planeamento dos recursos necessários
C20: Definição das fases de execução do projeto
C21: Autonomia
C22: Sentido de responsabilidade e gestão do tempo
A24: B – Relatório final
A25: Cotação máxima | C25: Itens avaliados | J25: Cotação atribuída
A26: 40 | C26: Objetividade | J26: ='Avaliação'!M29*2
C27: Pertinência das informações
C28: Identificação das dificuldades e meios de as superar
C29: Capacidade de análise crítica
C30: Sentido de responsabilidade e gestão do tempo
A32: C – Apresentação e Defesa do Projecto
A33: Cotação máxima | C33: Itens avaliados | J33: Cotação atribuída
A34: 60 | C34: Capacidade de expressão oral e de expressão corporal | J34: ='Avaliação'!M35*3
C35: Capacidade de síntese
C36: Qualidade dos recursos/estratégias utilizadas na apresentação
C37: Qualidade de argumentação na defesa do projeto
A39: =SUM(A16,A26,A34) | C39: Avaliação Final | J39: =ROUND(SUM(J16,J26,J34),0)
A41: Observações:
C48: Caldas da Rainha, | G48: =NOW()
E50: O Júri da Prova
A52: Qualidade em que está nomeado | G52: Assinatura
A53: Presidente do Júri
A54: Professor Orientador do Projeto
A55: Representante das Associações Empresariais
A56: Personalidade de reconhecido mérito

Sheet Bernardo Santos
D2: Agrupamento de Escolas Raul Proença
A4: Ano letivo 2025/2026
A6: Ata de Avaliação da Prova de Aptidão Profissional
A8: Aluno: | D8: Bernardo Ângelo Santos
C9: Tema: | D9: BrebasMotors - Plataforma Web para Gestão e Divulgação de uma Concessionária Automóvel
A10: Área de Formação: | D10: Ciências Informáticas (481)
A11: Curso Profissional: | D11: Técnico de Gestão e Programação de Sistemas Informáticos
A12: Saída Profissional: | D12: Técnico de Gestão e Programação de Sistemas Informáticos
A14: A – Desenvolvimento do Projeto
A15: Cotação máxima | C15: Itens avaliados | J15: Cotação atribuída
A16: 100 | C16: Definição dos objectivos do projeto | J16: ='Avaliação'!N22*5
C17: Qualidade científica e técnica
C18: Pertinência, criatividade e inovação
C19: Planeamento dos recursos necessários
C20: Definição das fases de execução do projeto
C21: Autonomia
C22: Sentido de responsabilidade e gestão do tempo
A24: B – Relatório final
A25: Cotação máxima | C25: Itens avaliados | J25: Cotação atribuída
A26: 40 | C26: Objetividade | J26: ='Avaliação'!N29*2
C27: Pertinência das informações
C28: Identificação das dificuldades e meios de as superar
C29: Capacidade de análise crítica
C30: Sentido de responsabilidade e gestão do tempo
A32: C – Apresentação e Defesa do Projecto
A33: Cotação máxima | C33: Itens avaliados | J33: Cotação atribuída
A34: 60 | C34: Capacidade de expressão oral e de expressão corporal | J34: ='Avaliação'!N35*3
C35: Capacidade de síntese
C36: Qualidade dos recursos/estratégias utilizadas na apresentação
C37: Qualidade de argumentação na defesa do projeto
A39: =SUM(A16,A26,A34) | C39: Avaliação Final | J39: =ROUND(SUM(J16,J26,J34),0)
A41: Observações:
C48: Caldas da Rainha, | G48: =NOW()
E50: O Júri da Prova
A52: Qualidade em que está nomeado | G52: Assinatura
A53: Presidente do Júri
A54: Professor Orientador do Projeto
A55: Representante das Associações Empresariais
A56: Personalidade de reconhecido mérito

Sheet Dinis Lourenço
D2: Agrupamento de Escolas Raul Proença
A4: Ano letivo 2025/2026
A6: Ata de Avaliação da Prova de Aptidão Profissional
A8: Aluno: | D8: Dinis Costa Lourenço
C9: Tema: | D9: Suplfy - Plataforma de Comércio Eletrónico para Suplementação Desportiva
A10: Área de Formação: | D10: Ciências Informáticas (481)
A11: Curso Profissional: | D11: Técnico de Gestão e Programação de Sistemas Informáticos
A12: Saída Profissional: | D12: Técnico de Gestão e Programação de Sistemas Informáticos
A14: A – Desenvolvimento do Projeto
A15: Cotação máxima | C15: Itens avaliados | J15: Cotação atribuída
A16: 100 | C16: Definição dos objectivos do projeto | J16: ='Avaliação'!O22*5
C17: Qualidade científica e técnica
C18: Pertinência, criatividade e inovação
C19: Planeamento dos recursos necessários
C20: Definição das fases de execução do projeto
C21: Autonomia
C22: Sentido de responsabilidade e gestão do tempo
A24: B – Relatório final
A25: Cotação máxima | C25: Itens avaliados | J25: Cotação atribuída
A26: 40 | C26: Objetividade | J26: ='Avaliação'!O29*2
C27: Pertinência das informações
C28: Identificação das dificuldades e meios de as superar
C29: Capacidade de análise crítica
C30: Sentido de responsabilidade e gestão do tempo
A32: C – Apresentação e Defesa do Projecto
A33: Cotação máxima | C33: Itens avaliados | J33: Cotação atribuída
A34: 60 | C34: Capacidade de expressão oral e de expressão corporal | J34: ='Avaliação'!O35*3
C35: Capacidade de síntese
C36: Qualidade dos recursos/estratégias utilizadas na apresentação
C37: Qualidade de argumentação na defesa do projeto
A39: =SUM(A16,A26,A34) | C39: Avaliação Final | J39: =ROUND(SUM(J16,J26,J34),0)
A41: Observações:
C48: Caldas da Rainha, | G48: =NOW()
E50: O Júri da Prova
A52: Qualidade em que está nomeado | G52: Assinatura
A53: Presidente do Júri
A54: Professor Orientador do Projeto
A55: Representante das Associações Empresariais
A56: Personalidade de reconhecido mérito

Sheet Duarte Fialho
D2: Agrupamento de Escolas Raul Proença
A4: Ano letivo 2025/2026
A6: Ata de Avaliação da Prova de Aptidão Profissional
A8: Aluno: | D8: Duarte Nazaré Fialho
C9: Tema: | D9: SayPlay - Plataforma Educativa para Apoio ao Desenvolvimento da Fala Infantil
A10: Área de Formação: | D10: Ciências Informáticas (481)
A11: Curso Profissional: | D11: Técnico de Gestão e Programação de Sistemas Informáticos
A12: Saída Profissional: | D12: Técnico de Gestão e Programação de Sistemas Informáticos
A14: A – Desenvolvimento do Projeto
A15: Cotação máxima | C15: Itens avaliados | J15: Cotação atribuída
A16: 100 | C16: Definição dos objectivos do projeto | J16: ='Avaliação'!P22*5
C17: Qualidade científica e técnica
C18: Pertinência, criatividade e inovação
C19: Planeamento dos recursos necessários
C20: Definição das fases de execução do projeto
C21: Autonomia
C22: Sentido de responsabilidade e gestão do tempo
A24: B – Relatório final
A25: Cotação máxima | C25: Itens avaliados | J25: Cotação atribuída
A26: 40 | C26: Objetividade | J26: ='Avaliação'!P29*2
C27: Pertinência das informações
C28: Identificação das dificuldades e meios de as superar
C29: Capacidade de análise crítica
C30: Sentido de responsabilidade e gestão do tempo
A32: C – Apresentação e Defesa do Projecto
A33: Cotação máxima | C33: Itens avaliados | J33: Cotação atribuída
A34: 60 | C34: Capacidade de expressão oral e de expressão corporal | J34: ='Avaliação'!P35*3
C35: Capacidade de síntese
C36: Qualidade dos recursos/estratégias utilizadas na apresentação
C37: Qualidade de argumentação na defesa do projeto
A39: =SUM(A16,A26,A34) | C39: Avaliação Final | J39: =ROUND(SUM(J16,J26,J34),0)
A41: Observações:
C48: Caldas da Rainha, | G48: =NOW()
E50: O Júri da Prova
A52: Qualidade em que está nomeado | G52: Assinatura
A53: Presidente do Júri
A54: Professor Orientador do Projeto
A55: Representante das Associações Empresariais
A56: Personalidade de reconhecido mérito

Sheet Filipe Monteiro
D2: Agrupamento de Escolas Raul Proença
A4: Ano letivo 2025/2026
A6: Ata de Avaliação da Prova de Aptidão Profissional
A8: Aluno: | D8: Filipe Alexandre Inácio Monteiro
C9: Tema: | D9: Bloodware - Jogo FPS 3D Baseado em Missões
A10: Área de Formação: | D10: Ciências Informáticas (481)
A11: Curso Profissional: | D11: Técnico de Gestão e Programação de Sistemas Informáticos
A12: Saída Profissional: | D12: Técnico de Gestão e Programação de Sistemas Informáticos
A14: A – Desenvolvimento do Projeto
A15: Cotação máxima | C15: Itens avaliados | J15: Cotação atribuída
A16: 100 | C16: Definição dos objectivos do projeto | J16: ='Avaliação'!Q22*5
C17: Qualidade científica e técnica
C18: Pertinência, criatividade e inovação
C19: Planeamento dos recursos necessários
C20: Definição das fases de execução do projeto
C21: Autonomia
C22: Sentido de responsabilidade e gestão do tempo
A24: B – Relatório final
A25: Cotação máxima | C25: Itens avaliados | J25: Cotação atribuída
A26: 40 | C26: Objetividade | J26: ='Avaliação'!Q29*2
C27: Pertinência das informações
C28: Identificação das dificuldades e meios de as superar
C29: Capacidade de análise crítica
C30: Sentido de responsabilidade e gestão do tempo
A32: C – Apresentação e Defesa do Projecto
A33: Cotação máxima | C33: Itens avaliados | J33: Cotação atribuída
A34: 60 | C34: Capacidade de expressão oral e de expressão corporal | J34: ='Avaliação'!Q35*3
C35: Capacidade de síntese
C36: Qualidade dos recursos/estratégias utilizadas na apresentação
C37: Qualidade de argumentação na defesa do projeto
A39: =SUM(A16,A26,A34) | C39: Avaliação Final | J39: =ROUND(SUM(J16,J26,J34),0)
A41: Observações:
C48: Caldas da Rainha, | G48: =NOW()
E50: O Júri da Prova
A52: Qualidade em que está nomeado | G52: Assinatura
A53: Presidente do Júri
A54: Professor Orientador do Projeto
A55: Representante das Associações Empresariais
A56: Personalidade de reconhecido mérito

Sheet Francisco Júnior
D2: Agrupamento de Escolas Raul Proença
A4: Ano letivo 2025/2026
A6: Ata de Avaliação da Prova de Aptidão Profissional
A8: Aluno: | D8: Francisco Luís Henriques Júnior
C9: Tema: | D9: Manitou MT-928 - Miniatura Telecomandada da Manitou MT-928
A10: Área de Formação: | D10: Ciências Informáticas (481)
A11: Curso Profissional: | D11: Técnico de Gestão e Programação de Sistemas Informáticos
A12: Saída Profissional: | D12: Técnico de Gestão e Programação de Sistemas Informáticos
A14: A – Desenvolvimento do Projeto
A15: Cotação máxima | C15: Itens avaliados | J15: Cotação atribuída
A16: 100 | C16: Definição dos objectivos do projeto | J16: ='Avaliação'!R22*5
C17: Qualidade científica e técnica
C18: Pertinência, criatividade e inovação
C19: Planeamento dos recursos necessários
C20: Definição das fases de execução do projeto
C21: Autonomia
C22: Sentido de responsabilidade e gestão do tempo
A24: B – Relatório final
A25: Cotação máxima | C25: Itens avaliados | J25: Cotação atribuída
A26: 40 | C26: Objetividade | J26: ='Avaliação'!R29*2
C27: Pertinência das informações
C28: Identificação das dificuldades e meios de as superar
C29: Capacidade de análise crítica
C30: Sentido de responsabilidade e gestão do tempo
A32: C – Apresentação e Defesa do Projecto
A33: Cotação máxima | C33: Itens avaliados | J33: Cotação atribuída
A34: 60 | C34: Capacidade de expressão oral e de expressão corporal | J34: ='Avaliação'!R35*3
C35: Capacidade de síntese
C36: Qualidade dos recursos/estratégias utilizadas na apresentação
C37: Qualidade de argumentação na defesa do projeto
A39: =SUM(A16,A26,A34) | C39: Avaliação Final | J39: =ROUND(SUM(J16,J26,J34),0)
A41: Observações:
C48: Caldas da Rainha, | G48: =NOW()
E50: O Júri da Prova
A52: Qualidade em que está nomeado | G52: Assinatura
A53: Presidente do Júri
A54: Professor Orientador do Projeto
A55: Representante das Associações Empresariais
A56: Personalidade de reconhecido mérito

Sheet Gabriel Bispo
D2: Agrupamento de Escolas Raul Proença
A4: Ano letivo 2025/2026
A6: Ata de Avaliação da Prova de Aptidão Profissional
A8: Aluno: | D8: Gabriel Marinho Bispo
C9: Tema: | D9: GoDeeper - Plataforma Web de Divulgação e Gestão do Grupo de Jovens da Igreja Baptista de Caldas da Rainha
A10: Área de Formação: | D10: Ciências Informáticas (481)
A11: Curso Profissional: | D11: Técnico de Gestão e Programação de Sistemas Informáticos
A12: Saída Profissional: | D12: Técnico de Gestão e Programação de Sistemas Informáticos
A14: A – Desenvolvimento do Projeto
A15: Cotação máxima | C15: Itens avaliados | J15: Cotação atribuída
A16: 100 | C16: Definição dos objectivos do projeto | J16: ='Avaliação'!S22*5
C17: Qualidade científica e técnica
C18: Pertinência, criatividade e inovação
C19: Planeamento dos recursos necessários
C20: Definição das fases de execução do projeto
C21: Autonomia
C22: Sentido de responsabilidade e gestão do tempo
A24: B – Relatório final
A25: Cotação máxima | C25: Itens avaliados | J25: Cotação atribuída
A26: 40 | C26: Objetividade | J26: ='Avaliação'!S29*2
C27: Pertinência das informações
C28: Identificação das dificuldades e meios de as superar
C29: Capacidade de análise crítica
C30: Sentido de responsabilidade e gestão do tempo
A32: C – Apresentação e Defesa do Projecto
A33: Cotação máxima | C33: Itens avaliados | J33: Cotação atribuída
A34: 60 | C34: Capacidade de expressão oral e de expressão corporal | J34: ='Avaliação'!S35*3
C35: Capacidade de síntese
C36: Qualidade dos recursos/estratégias utilizadas na apresentação
C37: Qualidade de argumentação na defesa do projeto
A39: =SUM(A16,A26,A34) | C39: Avaliação Final | J39: =ROUND(SUM(J16,J26,J34),0)
A41: Observações:
C48: Caldas da Rainha, | G48: =NOW()
E50: O Júri da Prova
A52: Qualidade em que está nomeado | G52: Assinatura
A53: Presidente do Júri
A54: Professor Orientador do Projeto
A55: Representante das Associações Empresariais
A56: Personalidade de reconhecido mérito

Sheet Hugo Vieira
D2: Agrupamento de Escolas Raul Proença
A4: Ano letivo 2025/2026
A6: Ata de Avaliação da Prova de Aptidão Profissional
A8: Aluno: | D8: Hugo Miguel Vieira
C9: Tema: | D9: BladeSlinger - Jogo FPS de Ação com Ondas de Inimigos
A10: Área de Formação: | D10: Ciências Informáticas (481)
A11: Curso Profissional: | D11: Técnico de Gestão e Programação de Sistemas Informáticos
A12: Saída Profissional: | D12: Técnico de Gestão e Programação de Sistemas Informáticos
A14: A – Desenvolvimento do Projeto
A15: Cotação máxima | C15: Itens avaliados | J15: Cotação atribuída
A16: 100 | C16: Definição dos objectivos do projeto | J16: ='Avaliação'!T22*5
C17: Qualidade científica e técnica
C18: Pertinência, criatividade e inovação
C19: Planeamento dos recursos necessários
C20: Definição das fases de execução do projeto
C21: Autonomia
C22: Sentido de responsabilidade e gestão do tempo
A24: B – Relatório final
A25: Cotação máxima | C25: Itens avaliados | J25: Cotação atribuída
A26: 40 | C26: Objetividade | J26: ='Avaliação'!T29*2
C27: Pertinência das informações
C28: Identificação das dificuldades e meios de as superar
C29: Capacidade de análise crítica
C30: Sentido de responsabilidade e gestão do tempo
A32: C – Apresentação e Defesa do Projecto
A33: Cotação máxima | C33: Itens avaliados | J33: Cotação atribuída
A34: 60 | C34: Capacidade de expressão oral e de expressão corporal | J34: ='Avaliação'!T35*3
C35: Capacidade de síntese
C36: Qualidade dos recursos/estratégias utilizadas na apresentação
C37: Qualidade de argumentação na defesa do projeto
A39: =SUM(A16,A26,A34) | C39: Avaliação Final | J39: =ROUND(SUM(J16,J26,J34),0)
A41: Observações:
C48: Caldas da Rainha, | G48: =NOW()
E50: O Júri da Prova
A52: Qualidade em que está nomeado | G52: Assinatura
A53: Presidente do Júri
A54: Professor Orientador do Projeto
A55: Representante das Associações Empresariais
A56: Personalidade de reconhecido mérito

Sheet Kauã Lima
D2: Agrupamento de Escolas Raul Proença
A4: Ano letivo 2025/2026
A6: Ata de Avaliação da Prova de Aptidão Profissional
A8: Aluno: | D8: Kauã Silva Lima
C9: Tema: | D9: RoboRaul - Evento de Robótica para alunos do 1º ciclo (4º ano)
A10: Área de Formação: | D10: Ciências Informáticas (481)
A11: Curso Profissional: | D11: Técnico de Gestão e Programação de Sistemas Informáticos
A12: Saída Profissional: | D12: Técnico de Gestão e Programação de Sistemas Informáticos
A14: A – Desenvolvimento do Projeto
A15: Cotação máxima | C15: Itens avaliados | J15: Cotação atribuída
A16: 100 | C16: Definição dos objectivos do projeto | J16: ='Avaliação'!U22*5
C17: Qualidade científica e técnica
C18: Pertinência, criatividade e inovação
C19: Planeamento dos recursos necessários
C20: Definição das fases de execução do projeto
C21: Autonomia
C22: Sentido de responsabilidade e gestão do tempo
A24: B – Relatório final
A25: Cotação máxima | C25: Itens avaliados | J25: Cotação atribuída
A26: 40 | C26: Objetividade | J26: ='Avaliação'!U29*2
C27: Pertinência das informações
C28: Identificação das dificuldades e meios de as superar
C29: Capacidade de análise crítica
C30: Sentido de responsabilidade e gestão do tempo
A32: C – Apresentação e Defesa do Projecto
A33: Cotação máxima | C33: Itens avaliados | J33: Cotação atribuída
A34: 60 | C34: Capacidade de expressão oral e de expressão corporal | J34: ='Avaliação'!U35*3
C35: Capacidade de síntese
C36: Qualidade dos recursos/estratégias utilizadas na apresentação
C37: Qualidade de argumentação na defesa do projeto
A39: =SUM(A16,A26,A34) | C39: Avaliação Final | J39: =ROUND(SUM(J16,J26,J34),0)
A41: Observações:
C48: Caldas da Rainha, | G48: =NOW()
E50: O Júri da Prova
A52: Qualidade em que está nomeado | G52: Assinatura
A53: Presidente do Júri
A54: Professor Orientador do Projeto
A55: Representante das Associações Empresariais
A56: Personalidade de reconhecido mérito

Sheet Maria Sousa
D2: Agrupamento de Escolas Raul Proença
A4: Ano letivo 2025/2026
A6: Ata de Avaliação da Prova de Aptidão Profissional
A8: Aluno: | D8: Maria Serafim Sousa
C9: Tema: | D9: RoboRaul - Evento de Robótica para alunos do 1º ciclo (4º ano)
A10: Área de Formação: | D10: Ciências Informáticas (481)
A11: Curso Profissional: | D11: Técnico de Gestão e Programação de Sistemas Informáticos
A12: Saída Profissional: | D12: Técnico de Gestão e Programação de Sistemas Informáticos
A14: A – Desenvolvimento do Projeto
A15: Cotação máxima | C15: Itens avaliados | J15: Cotação atribuída
A16: 100 | C16: Definição dos objectivos do projeto | J16: ='Avaliação'!V22*5
C17: Qualidade científica e técnica
C18: Pertinência, criatividade e inovação
C19: Planeamento dos recursos necessários
C20: Definição das fases de execução do projeto
C21: Autonomia
C22: Sentido de responsabilidade e gestão do tempo
A24: B – Relatório final
A25: Cotação máxima | C25: Itens avaliados | J25: Cotação atribuída
A26: 40 | C26: Objetividade | J26: ='Avaliação'!V29*2
C27: Pertinência das informações
C28: Identificação das dificuldades e meios de as superar
C29: Capacidade de análise crítica
C30: Sentido de responsabilidade e gestão do tempo
A32: C – Apresentação e Defesa do Projecto
A33: Cotação máxima | C33: Itens avaliados | J33: Cotação atribuída
A34: 60 | C34: Capacidade de expressão oral e de expressão corporal | J34: ='Avaliação'!V35*3
C35: Capacidade de síntese
C36: Qualidade dos recursos/estratégias utilizadas na apresentação
C37: Qualidade de argumentação na defesa do projeto
A39: =SUM(A16,A26,A34) | C39: Avaliação Final | J39: =ROUND(SUM(J16,J26,J34),0)
A41: Observações:
C48: Caldas da Rainha, | G48: =NOW()
E50: O Júri da Prova
A52: Qualidade em que está nomeado | G52: Assinatura
A53: Presidente do Júri
A54: Professor Orientador do Projeto
A55: Representante das Associações Empresariais
A56: Personalidade de reconhecido mérito

Sheet Rodrigo Santos
D2: Agrupamento de Escolas Raul Proença
A4: Ano letivo 2025/2026
A6: Ata de Avaliação da Prova de Aptidão Profissional
A8: Aluno: | D8: Rodrigo Manuel Timóteo Santos
C9: Tema: | D9: Dragon Tower - Jogo 3D de Mundo Aberto
A10: Área de Formação: | D10: Ciências Informáticas (481)
A11: Curso Profissional: | D11: Técnico de Gestão e Programação de Sistemas Informáticos
A12: Saída Profissional: | D12: Técnico de Gestão e Programação de Sistemas Informáticos
A14: A – Desenvolvimento do Projeto
A15: Cotação máxima | C15: Itens avaliados | J15: Cotação atribuída
A16: 100 | C16: Definição dos objectivos do projeto | J16: ='Avaliação'!W22*5
C17: Qualidade científica e técnica
C18: Pertinência, criatividade e inovação
C19: Planeamento dos recursos necessários
C20: Definição das fases de execução do projeto
C21: Autonomia
C22: Sentido de responsabilidade e gestão do tempo
A24: B – Relatório final
A25: Cotação máxima | C25: Itens avaliados | J25: Cotação atribuída
A26: 40 | C26: Objetividade | J26: ='Avaliação'!W29*2
C27: Pertinência das informações
C28: Identificação das dificuldades e meios de as superar
C29: Capacidade de análise crítica
C30: Sentido de responsabilidade e gestão do tempo
A32: C – Apresentação e Defesa do Projecto
A33: Cotação máxima | C33: Itens avaliados | J33: Cotação atribuída
A34: 60 | C34: Capacidade de expressão oral e de expressão corporal | J34: ='Avaliação'!W35*3
C35: Capacidade de síntese
C36: Qualidade dos recursos/estratégias utilizadas na apresentação
C37: Qualidade de argumentação na defesa do projeto
A39: =SUM(A16,A26,A34) | C39: Avaliação Final | J39: =ROUND(SUM(J16,J26,J34),0)
A41: Observações:
C48: Caldas da Rainha, | G48: =NOW()
E50: O Júri da Prova
A52: Qualidade em que está nomeado | G52: Assinatura
A53: Presidente do Júri
A54: Professor Orientador do Projeto
A55: Representante das Associações Empresariais
A56: Personalidade de reconhecido mérito

Sheet Rodrigo Roque
D2: Agrupamento de Escolas Raul Proença
A4: Ano letivo 2025/2026
A6: Ata de Avaliação da Prova de Aptidão Profissional
A8: Aluno: | D8: Rodrigo Silva Roque
C9: Tema: | D9: StocX - Plataforma Web de Gestão do Inventário da Escola
A10: Área de Formação: | D10: Ciências Informáticas (481)
A11: Curso Profissional: | D11: Técnico de Gestão e Programação de Sistemas Informáticos
A12: Saída Profissional: | D12: Técnico de Gestão e Programação de Sistemas Informáticos
A14: A – Desenvolvimento do Projeto
A15: Cotação máxima | C15: Itens avaliados | J15: Cotação atribuída
A16: 100 | C16: Definição dos objectivos do projeto | J16: ='Avaliação'!X22*5
C17: Qualidade científica e técnica
C18: Pertinência, criatividade e inovação
C19: Planeamento dos recursos necessários
C20: Definição das fases de execução do projeto
C21: Autonomia
C22: Sentido de responsabilidade e gestão do tempo
A24: B – Relatório final
A25: Cotação máxima | C25: Itens avaliados | J25: Cotação atribuída
A26: 40 | C26: Objetividade | J26: ='Avaliação'!X29*2
C27: Pertinência das informações
C28: Identificação das dificuldades e meios de as superar
C29: Capacidade de análise crítica
C30: Sentido de responsabilidade e gestão do tempo
A32: C – Apresentação e Defesa do Projecto
A33: Cotação máxima | C33: Itens avaliados | J33: Cotação atribuída
A34: 60 | C34: Capacidade de expressão oral e de expressão corporal | J34: ='Avaliação'!X35*3
C35: Capacidade de síntese
C36: Qualidade dos recursos/estratégias utilizadas na apresentação
C37: Qualidade de argumentação na defesa do projeto
A39: =SUM(A16,A26,A34) | C39: Avaliação Final | J39: =ROUND(SUM(J16,J26,J34),0)
A41: Observações:
C48: Caldas da Rainha, | G48: =NOW()
E50: O Júri da Prova
A52: Qualidade em que está nomeado | G52: Assinatura
A53: Presidente do Júri
A54: Professor Orientador do Projeto
A55: Representante das Associações Empresariais
A56: Personalidade de reconhecido mérito

Sheet Rui Zina
D2: Agrupamento de Escolas Raul Proença
A4: Ano letivo 2025/2026
A6: Ata de Avaliação da Prova de Aptidão Profissional
A8: Aluno: | D8: Rui Pedro de Sousa Zina
C9: Tema: | D9: Trypia - Plataforma de Pesquisa e Reserva de Viagens, Hotéis e Experiências
A10: Área de Formação: | D10: Ciências Informáticas (481)
A11: Curso Profissional: | D11: Técnico de Gestão e Programação de Sistemas Informáticos
A12: Saída Profissional: | D12: Técnico de Gestão e Programação de Sistemas Informáticos
A14: A – Desenvolvimento do Projeto
A15: Cotação máxima | C15: Itens avaliados | J15: Cotação atribuída
A16: 100 | C16: Definição dos objectivos do projeto | J16: ='Avaliação'!Y22*5
C17: Qualidade científica e técnica
C18: Pertinência, criatividade e inovação
C19: Planeamento dos recursos necessários
C20: Definição das fases de execução do projeto
C21: Autonomia
C22: Sentido de responsabilidade e gestão do tempo
A24: B – Relatório final
A25: Cotação máxima | C25: Itens avaliados | J25: Cotação atribuída
A26: 40 | C26: Objetividade | J26: ='Avaliação'!Y29*2
C27: Pertinência das informações
C28: Identificação das dificuldades e meios de as superar
C29: Capacidade de análise crítica
C30: Sentido de responsabilidade e gestão do tempo
A32: C – Apresentação e Defesa do Projecto
A33: Cotação máxima | C33: Itens avaliados | J33: Cotação atribuída
A34: 60 | C34: Capacidade de expressão oral e de expressão corporal | J34: ='Avaliação'!Y35*3
C35: Capacidade de síntese
C36: Qualidade dos recursos/estratégias utilizadas na apresentação
C37: Qualidade de argumentação na defesa do projeto
A39: =SUM(A16,A26,A34) | C39: Avaliação Final | J39: =ROUND(SUM(J16,J26,J34),0)
A41: Observações:
C48: Caldas da Rainha, | G48: =NOW()
E50: O Júri da Prova
A52: Qualidade em que está nomeado | G52: Assinatura
A53: Presidente do Júri
A54: Professor Orientador do Projeto
A55: Representante das Associações Empresariais
A56: Personalidade de reconhecido mérito

Sheet Tiago Silva
D2: Agrupamento de Escolas Raul Proença
A4: Ano letivo 2025/2026
A6: Ata de Avaliação da Prova de Aptidão Profissional
A8: Aluno: | D8: Tiago Filipe da Silva
C9: Tema: | D9: Job For All - Plataforma Web de Divulgação e Gestão de Ofertas de Emprego
A10: Área de Formação: | D10: Ciências Informáticas (481)
A11: Curso Profissional: | D11: Técnico de Gestão e Programação de Sistemas Informáticos
A12: Saída Profissional: | D12: Técnico de Gestão e Programação de Sistemas Informáticos
A14: A – Desenvolvimento do Projeto
A15: Cotação máxima | C15: Itens avaliados | J15: Cotação atribuída
A16: 100 | C16: Definição dos objetivos do projeto | J16: ='Avaliação'!Z22*5
C17: Qualidade científica e técnica
C18: Pertinência, criatividade e inovação
C19: Planeamento dos recursos necessários
C20: Definição das fases de execução do projeto
C21: Autonomia
C22: Sentido de responsabilidade e gestão do tempo
A24: B – Relatório final
A25: Cotação máxima | C25: Itens avaliados | J25: Cotação atribuída
A26: 40 | C26: Objetividade | J26: ='Avaliação'!Z29*2
C27: Pertinência das informações
C28: Identificação das dificuldades e meios de as superar
C29: Capacidade de análise crítica
C30: Sentido de responsabilidade e gestão do tempo
A32: C – Apresentação e Defesa do Projecto
A33: Cotação máxima | C33: Itens avaliados | J33: Cotação atribuída
A34: 60 | C34: Capacidade de expressão oral e de expressão corporal | J34: ='Avaliação'!Z35*3
C35: Capacidade de síntese
C36: Qualidade dos recursos/estratégias utilizadas na apresentação
C37: Qualidade de argumentação na defesa do projeto
A39: =SUM(A16,A26,A34) | C39: Avaliação Final | J39: =ROUND(SUM(J16,J26,J34),0)
A41: Observações:
C48: Caldas da Rainha, | G48: =NOW()
E50: O Júri da Prova
A52: Qualidade em que está nomeado | G52: Assinatura
A53: Presidente do Júri
A54: Professor Orientador do Projeto
A55: Representante das Associações Empresariais
A56: Personalidade de reconhecido mérito

Sheet Tiago Miguel
D2: Agrupamento de Escolas Raul Proença
A4: Ano letivo 2025/2026
A6: Ata de Avaliação da Prova de Aptidão Profissional
A8: Aluno: | D8: Tiago Miguel Santos Silva
C9: Tema: | D9: H2O Analytics - Sistema Autónomo de Monitorização e Análise Georreferenciada da Qualidade da Água
A10: Área de Formação: | D10: Ciências Informáticas (481)
A11: Curso Profissional: | D11: Técnico de Gestão e Programação de Sistemas Informáticos
A12: Saída Profissional: | D12: Técnico de Gestão e Programação de Sistemas Informáticos
A14: A – Desenvolvimento do Projeto
A15: Cotação máxima | C15: Itens avaliados | J15: Cotação atribuída
A16: 100 | C16: Definição dos objetivos do projeto | J16: ='Avaliação'!AA22*5
C17: Qualidade científica e técnica
C18: Pertinência, criatividade e inovação
C19: Planeamento dos recursos necessários
C20: Definição das fases de execução do projeto
C21: Autonomia
C22: Sentido de responsabilidade e gestão do tempo
A24: B – Relatório final
A25: Cotação máxima | C25: Itens avaliados | J25: Cotação atribuída
A26: 40 | C26: Objetividade | J26: ='Avaliação'!AA29*2
C27: Pertinência das informações
C28: Identificação das dificuldades e meios de as superar
C29: Capacidade de análise crítica
C30: Sentido de responsabilidade e gestão do tempo
A32: C – Apresentação e Defesa do Projecto
A33: Cotação máxima | C33: Itens avaliados | J33: Cotação atribuída
A34: 60 | C34: Capacidade de expressão oral e de expressão corporal | J34: ='Avaliação'!AA35*3
C35: Capacidade de síntese
C36: Qualidade dos recursos/estratégias utilizadas na apresentação
C37: Qualidade de argumentação na defesa do projeto
A39: =SUM(A16,A26,A34) | C39: Avaliação Final | J39: =ROUND(SUM(J16,J26,J34),0)
A41: Observações:
C48: Caldas da Rainha, | G48: =NOW()
E50: O Júri da Prova
A52: Qualidade em que está nomeado | G52: Assinatura
A53: Presidente do Júri
A54: Professor Orientador do Projeto
A55: Representante das Associações Empresariais
A56: Personalidade de reconhecido mérito

Sheet Tiago Couto
D2: Agrupamento de Escolas Raul Proença
A4: Ano letivo 2025/2026
A6: Ata de Avaliação da Prova de Aptidão Profissional
A8: Aluno: | D8: Tiago Pereira Couto
C9: Tema: | D9: Footmania - Aplicação móvel para Gestão de Torneio de Futebol
A10: Área de Formação: | D10: Ciências Informáticas (481)
A11: Curso Profissional: | D11: Técnico de Gestão e Programação de Sistemas Informáticos
A12: Saída Profissional: | D12: Técnico de Gestão e Programação de Sistemas Informáticos
A14: A – Desenvolvimento do Projeto
A15: Cotação máxima | C15: Itens avaliados | J15: Cotação atribuída
A16: 100 | C16: Definição dos objetivos do projeto | J16: ='Avaliação'!AB22*5
C17: Qualidade científica e técnica
C18: Pertinência, criatividade e inovação
C19: Planeamento dos recursos necessários
C20: Definição das fases de execução do projeto
C21: Autonomia
C22: Sentido de responsabilidade e gestão do tempo
A24: B – Relatório final
A25: Cotação máxima | C25: Itens avaliados | J25: Cotação atribuída
A26: 40 | C26: Objetividade | J26: ='Avaliação'!AB29*2
C27: Pertinência das informações
C28: Identificação das dificuldades e meios de as superar
C29: Capacidade de análise crítica
C30: Sentido de responsabilidade e gestão do tempo
A32: C – Apresentação e Defesa do Projecto
A33: Cotação máxima | C33: Itens avaliados | J33: Cotação atribuída
A34: 60 | C34: Capacidade de expressão oral e de expressão corporal | J34: ='Avaliação'!AB35*3
C35: Capacidade de síntese
C36: Qualidade dos recursos/estratégias utilizadas na apresentação
C37: Qualidade de argumentação na defesa do projeto
A39: =SUM(A16,A26,A34) | C39: Avaliação Final | J39: =ROUND(SUM(J16,J26,J34),0)
A41: Observações:
C48: Caldas da Rainha, | G48: =NOW()
E50: O Júri da Prova
A52: Qualidade em que está nomeado | G52: Assinatura
A53: Presidente do Júri
A54: Professor Orientador do Projeto
A55: Representante das Associações Empresariais
A56: Personalidade de reconhecido mérito

Sheet Vasco Vila
D2: Agrupamento de Escolas Raul Proença
A4: Ano letivo 2025/2026
A6: Ata de Avaliação da Prova de Aptidão Profissional
A8: Aluno: | D8: Vasco Pimentel Vila
C9: Tema: | D9: Sentinela Vermelha - Sistema Inteligente de Deteção e Registo de Infrações ao Sinal Vermelho
A10: Área de Formação: | D10: Ciências Informáticas (481)
A11: Curso Profissional: | D11: Técnico de Gestão e Programação de Sistemas Informáticos
A12: Saída Profissional: | D12: Técnico de Gestão e Programação de Sistemas Informáticos
A14: A – Desenvolvimento do Projeto
A15: Cotação máxima | C15: Itens avaliados | J15: Cotação atribuída
A16: 100 | C16: Definição dos objetivos do projeto | J16: ='Avaliação'!AC22*5
C17: Qualidade científica e técnica
C18: Pertinência, criatividade e inovação
C19: Planeamento dos recursos necessários
C20: Definição das fases de execução do projeto
C21: Autonomia
C22: Sentido de responsabilidade e gestão do tempo
A24: B – Relatório final
A25: Cotação máxima | C25: Itens avaliados | J25: Cotação atribuída
A26: 40 | C26: Objetividade | J26: ='Avaliação'!AC29*2
C27: Pertinência das informações
C28: Identificação das dificuldades e meios de as superar
C29: Capacidade de análise crítica
C30: Sentido de responsabilidade e gestão do tempo
A32: C – Apresentação e Defesa do Projecto
A33: Cotação máxima | C33: Itens avaliados | J33: Cotação atribuída
A34: 60 | C34: Capacidade de expressão oral e de expressão corporal | J34: ='Avaliação'!AC35*3
C35: Capacidade de síntese
C36: Qualidade dos recursos/estratégias utilizadas na apresentação
C37: Qualidade de argumentação na defesa do projeto
A39: =SUM(A16,A26,A34) | C39: Avaliação Final | J39: =ROUND(SUM(J16,J26,J34),0)
A41: Observações:
C48: Caldas da Rainha, | G48: =NOW()
E50: O Júri da Prova
A52: Qualidade em que está nomeado | G52: Assinatura
A53: Presidente do Júri
A54: Professor Orientador do Projeto
A55: Representante das Associações Empresariais
A56: Personalidade de reconhecido mérito

Sheet Vladimiro Pankratau
D2: Agrupamento de Escolas Raul Proença
A4: Ano letivo 2025/2026
A6: Ata de Avaliação da Prova de Aptidão Profissional
A8: Aluno: | D8: Vladimiro Pankratau
C9: Tema: | D9: ComércioLocal - Plataforma Web de Promoção do Comércio Local das Caldas da Rainha
A10: Área de Formação: | D10: Ciências Informáticas (481)
A11: Curso Profissional: | D11: Técnico de Gestão e Programação de Sistemas Informáticos
A12: Saída Profissional: | D12: Técnico de Gestão e Programação de Sistemas Informáticos
A14: A – Desenvolvimento do Projeto
A15: Cotação máxima | C15: Itens avaliados | J15: Cotação atribuída
A16: 100 | C16: Definição dos objetivos do projeto | J16: ='Avaliação'!AD22*5
C17: Qualidade científica e técnica
C18: Pertinência, criatividade e inovação
C19: Planeamento dos recursos necessários
C20: Definição das fases de execução do projeto
C21: Autonomia
C22: Sentido de responsabilidade e gestão do tempo
A24: B – Relatório final
A25: Cotação máxima | C25: Itens avaliados | J25: Cotação atribuída
A26: 40 | C26: Objetividade | J26: ='Avaliação'!AD29*2
C27: Pertinência das informações
C28: Identificação das dificuldades e meios de as superar
C29: Capacidade de análise crítica
C30: Sentido de responsabilidade e gestão do tempo
A32: C – Apresentação e Defesa do Projecto
A33: Cotação máxima | C33: Itens avaliados | J33: Cotação atribuída
A34: 60 | C34: Capacidade de expressão oral e de expressão corporal | J34: ='Avaliação'!AD35*3
C35: Capacidade de síntese
C36: Qualidade dos recursos/estratégias utilizadas na apresentação
C37: Qualidade de argumentação na defesa do projeto
A39: =SUM(A16,A26,A34) | C39: Avaliação Final | J39: =ROUND(SUM(J16,J26,J34),0)
A41: Observações:
C48: Caldas da Rainha, | G48: =NOW()
E50: O Júri da Prova
A52: Qualidade em que está nomeado | G52: Assinatura
A53: Presidente do Júri
A54: Professor Orientador do Projeto
A55: Representante das Associações Empresariais
A56: Personalidade de reconhecido mérito

Sheet Auxiliar
B4: Área de Formação: | D4: Curso Profissional:
B5: __________________________________________________ | D5: __________________________________________________
B6: Trabalho Social (762) | D6: Animador Sociocultural
B7: Audiovisuais e Produção dos Media (213) | D7: Técnico de Desenho Digital 3D
B8: Ciências Informáticas (481) | D8: Técnico de Gestão e Programação de Sistemas Informáticos
B14: Saída Profissional:
B15: __________________________________________________
B16: Animador Sociocultural
B17: Técnico de Desenho Digital 3D
B18: Técnico de Gestão e Programação de Sistemas Informáticos
B22: Alunos | D22: Temas
B24: Adriano Ricardo David Salucombo | D24: EduKids - Plataforma Interativa de Aprendizagem para Educação Infantil
B25: Afonso Baptista dos Santos Costa | D25: GFF - Aplicação Móvel para Gestão Financeira Familiar
B26: Afonso Rodrigo Oliveira Matos | D26: Ragnarök Kombat - Jogo de Luta 3D
B27: Beatriz Isabel Costa Henriques | D27: DoIt - Aplicação Móvel Inteligente para Gestão de Tarefas e Projetos
B28: Bernardo Ângelo Santos | D28: BrebasMotors - Plataforma Web para Gestão e Divulgação de uma Concessionária Automóvel
B29: Dinis Costa Lourenço | D29: Suplfy - Plataforma de Comércio Eletrónico para Suplementação Desportiva
B30: Duarte Nazaré Fialho | D30: SayPlay - Plataforma Educativa para Apoio ao Desenvolvimento da Fala Infantil
B31: Filipe Alexandre Inácio Monteiro | D31: Bloodware - Jogo FPS 3D Baseado em Missões
B32: Francisco Luís Henriques Júnior | D32: Manitou MT-928 - Miniatura Telecomandada da Manitou MT-928
B33: Gabriel Marinho Bispo | D33: GoDeeper - Plataforma Web de Divulgação e Gestão do Grupo de Jovens da Igreja Baptista de Caldas da Rainha
B34: Hugo Miguel Vieira | D34: BladeSlinger - Jogo FPS de Ação com Ondas de Inimigos
... B44: Vladimiro Pankratau | D44: ComércioLocal - Plataforma Web de Promoção do Comércio Local das Caldas da Rainha

Sheet Acta
D2: Agrupamento de Escolas Raul Proença
A4: Ano letivo 2025/2026
A6: Ata de Avaliação da Prova de Aptidão Profissional
A8: Aluno:
C9: Tema:
A10: Área de Formação: | D10: Ciências Informáticas (481)
A11: Curso Profissional: | D11: Técnico de Gestão e Programação de Sistemas Informáticos
A12: Saída Profissional: | D12: Técnico de Gestão e Programação de Sistemas Informáticos
A14: A – Desenvolvimento do Projeto
A15: Cotação máxima | C15: Itens avaliados | J15: Cotação atribuída
A16: 100 | C16: Definição dos objectivos do projeto | J16: 100
C17: Qualidade científica e técnica
C18: Pertinência, criatividade e inovação
C19: Planeamento dos recursos necessários
C20: Definição das fases de execução do projeto
C21: Autonomia
C22: Sentido de responsabilidade e gestão do tempo
A24: B – Relatório final
A25: Cotação máxima | C25: Itens avaliados | J25: Cotação atribuída
A26: 40 | C26: Objetividade | J26: 40
C27: Pertinência das informações
C28: Identificação das dificuldades e meios de as superar
C29: Capacidade de análise crítica
C30: Sentido de responsabilidade e gestão do tempo
A32: C – Apresentação e Defesa do Projecto
A33: Cotação máxima | C33: Itens avaliados | J33: Cotação atribuída
A34: 60 | C34: Capacidade de expressão oral e de expressão corporal | J34: 60
C35: Capacidade de síntese
C36: Qualidade dos recursos/estratégias utilizadas na apresentação
C37: Qualidade de argumentação na defesa do projeto
A39: =SUM(A16,A26,A34) | C39: Avaliação Final | J39: =SUM(J16,J26,J34)
A41: Observações:
C48: Caldas da Rainha, | G48: =NOW()
E50: O Júri da Prova
A52: Qualidade em que está nomeado | G52: Assinatura
A53: Presidente do Júri
A54: Professor Orientador do Projeto
A55: Representante das Associações Empresariais
A56: Personalidade de reconhecido mérito
